{"c3d_train_frames_test_frames.pkl": {"acc/top1": 0.7206278026905829, "acc/top3": 0.9663677130044843, "acc/mean1": 0.6770016939582157}, "c3d_train_frames_test_tubelets.pkl": {"acc/top1": 0.2905829596412556, "acc/top3": 0.5340807174887893, "acc/mean1": 0.1879458796034883}, "c3d_train_tubelets_test_tubelets.pkl": {"acc/top1": 0.910762331838565, "acc/top3": 0.9874439461883409, "acc/mean1": 0.8971602280569672}, "c3d_ntu_rgb_frames_finetune_test_tubelets_50_perc.pkl": {"acc/top1": 0.8420107719928187, "acc/top3": 0.9685816876122083, "acc/mean1": 0.8185890218776605}, "c3d_kintetics_finetune_test_tubelets_50_perc.pkl": {"acc/top1": 0.9093357271095153, "acc/top3": 0.9946140035906643, "acc/mean1": 0.895278898611174}, "i3d_train_frames_test_frames.pkl": {"acc/top1": 0.8717488789237668, "acc/top3": 0.9825112107623318, "acc/mean1": 0.8517014869188783}, "i3d_train_tubelets_test_tubelets.pkl": {"acc/top1": 0.9188340807174888, "acc/top3": 0.9923766816143498, "acc/mean1": 0.9061773009599098}, "i3d_kintetics_finetune_test_tubelets_50_perc.pkl": {"acc/top1": 0.9578096947935368, "acc/top3": 0.9973070017953322, "acc/mean1": 0.9517564655715243}, "i3d_ntu_rgb_frames_finetune_test_tubelets_50_perc.pkl": {"acc/top1": 0.9102333931777379, "acc/top3": 0.9874326750448833, "acc/mean1": 0.8961478593341495}, "slowfast_train_frames_test_frames.pkl": {"acc/top1": 0.9260089686098655, "acc/top3": 0.9973094170403587, "acc/mean1": 0.9144965179747789}, "slowfast_train_tubelets_test_tubelets.pkl": {"acc/top1": 0.9511210762331839, "acc/top3": 0.9973094170403587, "acc/mean1": 0.9435008469791079}, "slowfast_kintetics_finetune_test_tubelets_50_perc.pkl": {"acc/top1": 0.9685816876122083, "acc/top3": 0.9964093357271095, "acc/mean1": 0.9636321046984329}, "slowfast_ntu_rgb_frames_finetune_test_tubelets_50_perc.pkl": {"acc/top1": 0.9425493716337523, "acc/top3": 0.9919210053859964, "acc/mean1": 0.933558507503287}, "slowfast_train_tubelets_test_tubelets_16x16.pkl": {"acc/top1": 0.7829596412556054, "acc/top3": 0.9614349775784753, "acc/mean1": 0.7596121541501978}, "slowfast_train_tubelets_test_tubelets_32x32.pkl": {"acc/top1": 0.8587443946188341, "acc/top3": 0.9780269058295964, "acc/mean1": 0.8377525252525252}, "slowfast_train_tubelets_test_tubelets_64x64.pkl": {"acc/top1": 0.9170403587443946, "acc/top3": 0.9910313901345291, "acc/mean1": 0.9048968332392245}, "slowfast_train_tubelets_test_tubelets_128x128.pkl": {"acc/top1": 0.9430493273542601, "acc/top3": 0.9937219730941704, "acc/mean1": 0.9341614906832298}, "slowfast_train_tubelets_test_tubelets_256x256.pkl": {"acc/top1": 0.9475336322869955, "acc/top3": 0.9950672645739911, "acc/mean1": 0.9398747568856266}, "slowfast_kintetics_finetune_test_tubelets_50_perc_16x16.pkl": {"acc/top1": 0.755834829443447, "acc/top3": 0.947935368043088, "acc/mean1": 0.7355388878813983}, "slowfast_kintetics_finetune_test_tubelets_50_perc_32x32.pkl": {"acc/top1": 0.7289048473967684, "acc/top3": 0.9416517055655296, "acc/mean1": 0.6945286643695879}, "slowfast_kintetics_finetune_test_tubelets_50_perc_64x64.pkl": {"acc/top1": 0.9138240574506283, "acc/top3": 0.9892280071813285, "acc/mean1": 0.9008731481061695}, "slowfast_kintetics_finetune_test_tubelets_50_perc_128x128.pkl": {"acc/top1": 0.9631956912028725, "acc/top3": 0.9973070017953322, "acc/mean1": 0.9574511492950084}, "slowfast_kintetics_finetune_test_tubelets_50_perc_256x256.pkl": {"acc/top1": 0.9703770197486535, "acc/top3": 0.9955116696588869, "acc/mean1": 0.9657251666137734}, "i3d_kintetics_finetune_test_tubelets_50_perc_16x16.pkl": {"acc/top1": 0.7324955116696589, "acc/top3": 0.9452423698384201, "acc/mean1": 0.7061799793968152}, "i3d_kintetics_finetune_test_tubelets_50_perc_32x32.pkl": {"acc/top1": 0.8429084380610413, "acc/top3": 0.9838420107719928, "acc/mean1": 0.8220858016855319}, "i3d_kintetics_finetune_test_tubelets_50_perc_64x64.pkl": {"acc/top1": 0.9120287253141831, "acc/top3": 0.9874326750448833, "acc/mean1": 0.9015439165193212}, "i3d_kintetics_finetune_test_tubelets_50_perc_128x128.pkl": {"acc/top1": 0.9389587073608617, "acc/top3": 0.9946140035906643, "acc/mean1": 0.9294403892944038}, "i3d_kintetics_finetune_test_tubelets_50_perc_256x256.pkl": {"acc/top1": 0.9515260323159784, "acc/top3": 0.992818671454219, "acc/mean1": 0.9439255867373925}, "i3d_train_tubelets_test_tubelets_16x16.pkl": {"acc/top1": 0.7690582959641256, "acc/top3": 0.9560538116591928, "acc/mean1": 0.73891406299015}, "i3d_train_tubelets_test_tubelets_32x32.pkl": {"acc/top1": 0.8345291479820628, "acc/top3": 0.967713004484305, "acc/mean1": 0.8148866381203339}, "i3d_train_tubelets_test_tubelets_64x64.pkl": {"acc/top1": 0.8668161434977578, "acc/top3": 0.9825112107623318, "acc/mean1": 0.8476781008846225}, "i3d_train_tubelets_test_tubelets_128x128.pkl": {"acc/top1": 0.899103139013453, "acc/top3": 0.9838565022421525, "acc/mean1": 0.8847170070267897}, "i3d_train_tubelets_test_tubelets_256x256.pkl": {"acc/top1": 0.9251121076233184, "acc/top3": 0.9937219730941704, "acc/mean1": 0.9134349708262751}}